-- MySQL dump 10.13  Distrib 5.1.73, for redhat-linux-gnu (x86_64)
--
-- Host: localhost    Database: swad
-- ------------------------------------------------------
-- Server version	5.1.73-log

/*!40101 SET @OLD_CHARACTER_SET_CLIENT=@@CHARACTER_SET_CLIENT */;
/*!40101 SET @OLD_CHARACTER_SET_RESULTS=@@CHARACTER_SET_RESULTS */;
/*!40101 SET @OLD_COLLATION_CONNECTION=@@COLLATION_CONNECTION */;
/*!40101 SET NAMES utf8 */;
/*!40103 SET @OLD_TIME_ZONE=@@TIME_ZONE */;
/*!40103 SET TIME_ZONE='+00:00' */;
/*!40014 SET @OLD_UNIQUE_CHECKS=@@UNIQUE_CHECKS, UNIQUE_CHECKS=0 */;
/*!40014 SET @OLD_FOREIGN_KEY_CHECKS=@@FOREIGN_KEY_CHECKS, FOREIGN_KEY_CHECKS=0 */;
/*!40101 SET @OLD_SQL_MODE=@@SQL_MODE, SQL_MODE='NO_AUTO_VALUE_ON_ZERO' */;
/*!40111 SET @OLD_SQL_NOTES=@@SQL_NOTES, SQL_NOTES=0 */;

--
-- Table structure for table `plc_places`
--

DROP TABLE IF EXISTS `plc_places`;
/*!40101 SET @saved_cs_client     = @@character_set_client */;
/*!40101 SET character_set_client = utf8 */;
CREATE TABLE `plc_places` (
  `PlcCod` int(11) NOT NULL AUTO_INCREMENT,
  `InsCod` int(11) NOT NULL,
  `ShortName` varchar(511) NOT NULL,
  `FullName` varchar(2047) NOT NULL,
  UNIQUE KEY `PlcCod` (`PlcCod`),
  KEY `InsCod` (`InsCod`)
) ENGINE=MyISAM AUTO_INCREMENT=1271 DEFAULT CHARSET=latin1;
/*!40101 SET character_set_client = @saved_cs_client */;

--
-- Dumping data for table `plc_places`
--

LOCK TABLES `plc_places` WRITE;
/*!40000 ALTER TABLE `plc_places` DISABLE KEYS */;
INSERT INTO `plc_places` VALUES (1,1,'Granada','Granada'),(2,1,'Ceuta','Ceuta'),(3,1,'Melilla','Melilla'),(7,23829,'Valencia','Valencia'),(8,436,'San Lorenzo','San Lorenzo'),(9,1195,'NUEVO LAREDO','NUEVO LAREDO'),(10,1195,'REYNOSA','REYNOSA'),(11,1195,'RÍO BRAVO','RÍO BRAVO'),(12,1195,'VALLE HERMOSO','VALLE HERMOSO'),(13,1195,'MATAMOROS','MATAMOROS'),(14,1195,'VICTORIA','VICTORIA'),(15,1195,'MANTE','MANTE'),(16,1195,'TAMPICO MADERO','TAMPICO MADERO'),(18,999,'Granada','Granada'),(19,23831,'Monterrey','Monterrey'),(20,23835,'San Miguel de Tucumán','San Miguel de Tucumán, Argentina'),(21,23836,'Asunción','Asunción'),(22,23842,'Cali','Santiago de Cali'),(23,23843,'St. Gallen','St. Gallen'),(24,23845,'Oberá','Oberá'),(25,23845,'Posadas','Posadas'),(26,23845,'Corrientes','Corrientes'),(27,23845,'Formosa','Formosa'),(28,23845,'Resistencia','Resistencia'),(29,218,'Antofagasta','Antofagasta'),(30,218,'La Serena','La Serena'),(31,218,'Chillán','Chillán'),(32,218,'Santiago','Santiago'),(33,23851,'Chetumal Quintana Roo','Chetumal Quintana Roo'),(34,23853,'La Serena (Chile)','La Serena (Chile)'),(35,23856,'San Miguel de Tucumán','San Miguel de Tucumán, Argentina'),(36,23857,'Mendoza','Mendoza (Argentina)'),(37,4099,'Ambato','Ambato'),(38,427,'Villeta','Villeta'),(39,23867,'Villeta','Villeta'),(40,4082,'Riobamba','Riobamba'),(41,4071,'Riobamba','Riobamba'),(42,23873,'San Miguel','San Miguel'),(43,23874,'Quito','Quito'),(44,678,'Caracas','Caracas'),(45,23875,'Corrientes','Corrientes'),(46,23881,'Tacna','Tacna'),(47,190,'Piura','Piura'),(48,148,'Piura','Piura'),(49,144,'Lima','Lima'),(50,3694,'Bogotá','Bogotá'),(51,3694,'Chapinero','Chapinero'),(52,674,'Maturín','Maturín'),(53,674,'Turmero','Turmero'),(54,23883,'Quevedo','Quevedo'),(55,23886,'Mera','Mera'),(56,23887,'Bogotá','Bogotá'),(57,23888,'Quito','Quito'),(58,23882,'Ambato','Ambato'),(59,82,'Loja','Loja'),(60,23889,'Quito','Quito'),(61,23890,'Trujillo','Trujillo'),(62,23891,'Pitalito','Pitalito'),(63,1144,'Valencia','Valencia'),(64,1229,'Oaxaca','Oaxaca'),(65,672,'Caracas','Caracas'),(66,23896,'Tacna','Tacna'),(67,3731,'Apartadó','Apartadó'),(68,23876,'Monterrey','Monterrey'),(69,23897,'San Pablo Etla','San Pablo Etla'),(70,4078,'Guayaquil','Guayaquil'),(71,4108,'Guayaquil','Guayaquil'),(72,23901,'Rabinal','Rabinal'),(73,3736,'Bucaramanga','Bucaramanga'),(74,23905,'Trujillo','Trujillo'),(75,1189,'Guanajuato','Guanajuato'),(76,23904,'Pintag','Pintag'),(77,4079,'Guaranda','Guaranda'),(78,677,'Guayana','Guayana'),(79,4158,'Antigua Guatemala','Antigua Guatemala'),(80,4158,'Ciudad de Guatemala','Ciudad de Guatemala'),(81,23908,'Bogotá','Bogotá'),(82,23909,'Otavalo','Otavalo'),(83,674,'Vega de la Pipa','Vega de la Pipa'),(84,121,'Concepción','Concepción'),(85,665,'Naguanagua','Naguanagua'),(86,665,'Maracay','Maracay'),(87,4060,'Quito','Quito'),(88,699,'Puerto La Cruz','Puerto La Cruz'),(89,699,'Ciudad Guayana','Ciudad Guayana'),(90,699,'Maturín','Maturín'),(91,699,'Nueva Esparta','Nueva Esparta'),(92,699,'Cumaná','Cumaná'),(93,3770,'Bogotá','Bogotá'),(94,3770,'Medellín','Medellín'),(95,3770,'Pereira','Pereira'),(96,3770,'Valledupar','Valledupar'),(97,710,'Maracaibo','Maracaibo'),(98,23910,'Maracaibo','Maracaibo'),(99,23911,'Oruro','Oruro'),(100,23912,'Tabacundo','Tabacundo'),(101,415,'Asunción','Asunción'),(102,3986,'San José','San José'),(103,3986,'Cartago','Cartago'),(104,3986,'Heredia','Heredia'),(105,23913,'Tocachi','Tocachi'),(106,4210,'Santa Bárbara','Santa Bárbara'),(107,23915,'Mompox','Mompox'),(108,3939,'Moñitos','Moñitos, Córdoba'),(109,23917,'Santa Cruz de la Sierra','Santa Cruz de la Sierra'),(110,23924,'Mar del Plata','Mar del Plata'),(111,23922,'Tixán','Tixán'),(112,23925,'Valencia','Valencia'),(113,655,'Sucre','Sucre'),(114,675,'Caracas','Caracas'),(115,294,'Malang','Malang'),(116,23930,'Ambato','Ambato'),(117,23931,'Sonsonate','Sonsonate'),(118,23932,'Amsterdam','Amsterdam'),(119,4103,'Esmeraldas','Esmeraldas'),(120,2222,'Teresina','Teresina'),(121,691,'San Juan de los Morros','San Juan de los Morros'),(122,23938,'San Diego','San Diego'),(123,23939,'La Asunción','La Asunción'),(647,24420,'Santa Cruz de la Sierra','Santa Cruz de la Sierra'),(125,655,'Caracas','Caracas'),(126,417,'Asunción','Asunción'),(127,189,'Oxapampa','Oxapampa'),(128,656,'Caracas','Caracas'),(129,656,'Lechería','Lechería, Anzoátegui'),(130,656,'Barinas','Barinas'),(131,656,'Puerto Ayacucho','Puerto Ayacucho'),(132,23946,'Barquisimeto','Barquisimeto'),(133,23954,'Los Teques','Los Teques'),(134,23957,'Barquisimeto','Barquisimeto'),(135,23967,'San Juan de Colón','San Juan de Colón'),(136,23960,'Villa del Socorro','Villa del Socorro'),(137,23960,'Villa Niza','Villa Niza'),(138,23959,'Caracas','Caracas'),(1148,128,'Lima','Lima'),(140,655,'Guacara','Guacara'),(141,655,'Maracay','Maracay'),(142,685,'Valencia','Valencia'),(143,1144,'Anaco','Anaco'),(144,142,'Ate','Ate'),(145,4208,'Tegucigalpa','Tegucigalpa'),(146,661,'Tinaquillo','Tinaquillo'),(147,3728,'Valledupar','Valledupar'),(148,3751,'Fonseca','Fonseca'),(149,674,'Barquisimeto','Barquisimeto'),(150,23972,'Bogotá','Bogotá'),(151,23973,'Caracas','Caracas'),(152,3666,'Bogotá','Bogotá'),(153,23975,'Guayaquil','Guayaquil'),(154,23976,'Mejicanos','Mejicanos'),(155,3673,'Pasto','Pasto'),(156,22654,'Egerton','Egerton'),(157,23979,'Calabozo','Calabozo'),(158,23980,'Cumanacoa','Cumanacoa'),(159,23980,'Cumaná','Cumaná'),(160,23980,'Ribero','Ribero'),(161,20984,'Mandaluyong City','Mandaluyong City'),(162,23981,'San Cristóbal','San Cristóbal'),(163,20861,'Karachi','Karachi'),(164,4109,'Portoviejo','Portoviejo'),(165,655,'Naguanagua','Naguanagua'),(166,677,'Caracas','Caracas'),(167,695,'Mérida','Mérida'),(168,23984,'Villavicencio','Villavicencio'),(169,23983,'Portoviejo','Portoviejo'),(170,23982,'Huaraz','Huaraz'),(171,23987,'Cochabamba','Cochabamba'),(172,23987,'Chuquisaca','Chuquisaca'),(173,23987,'Santa Cruz','Santa Cruz'),(174,23987,'Potosí','Potosí'),(175,23987,'La Paz','La Paz'),(176,23987,'El Alto','El Alto'),(177,23987,'Tarija','Tarija'),(178,23988,'Salcedo','Salcedo'),(179,3717,'Medellín','Medellín'),(180,23990,'Buenos Aires','Buenos Aires (Cauca)'),(181,23991,'Cobán','Cobán'),(182,23989,'Ciudad Bolivar','Ciudad Bolivar'),(183,4140,'San Salvador','San Salvador'),(184,23894,'Naranjito','Naranjito'),(185,23993,'Goya','Goya, Corrientes'),(186,23996,'Cali','Cali'),(187,23995,'Tarqui','Tarqui'),(188,23997,'Caracas','Caracas'),(189,708,'Maracaibo','Maracaibo'),(190,24002,'Tegucigalpa','Tegucigalpa'),(191,24001,'Caripito','Caripito'),(192,24001,'Punta de Mata','Punta de Mata'),(193,3778,'Bogotá','Bogotá'),(194,24003,'Santa Cruz de la Sierra','Santa Cruz de la Sierra'),(195,24005,'Maicao','Maicao'),(196,24007,'Milagro','Milagro'),(197,24008,'Entrerríos','Entrerríos'),(198,24009,'San Salvador','San Salvador'),(199,655,'Táchira','Táchira'),(200,24012,'Bogotá','Bogotá'),(201,4070,'Puyo','Puyo, Pastaza'),(202,3684,'Ibagué','Ibagué'),(203,153,'Lima','Lima'),(204,24017,'Cuenca','Cuenca'),(205,704,'Ciudad Ojeda','Ciudad Ojeda'),(206,704,'Cabimas','Cabimas'),(207,24019,'Puerto Cabello','Puerto Cabello'),(208,24021,'Ciudad de Guatemala','Ciudad de Guatemala'),(209,24022,'Tuxtla Gutiérrez','Tuxtla Gutiérrez, Chiapas'),(210,24023,'Sinamaica','Sinamaica'),(211,24024,'Riobamba','Riobamba'),(212,24028,'Milagro','Milagro'),(213,463,'La Paz','La Paz'),(214,24031,'Caracas','Caracas'),(215,24035,'Cocachacra','Cocachacra'),(216,24032,'Mendoza','Mendoza'),(217,24036,'La Paz','La Paz'),(218,1137,'San Cristóbal','San Cristóbal'),(219,129,'Lima','Lima'),(220,3704,'Barranquilla','Barranquilla'),(221,3704,'Ocaña','Ocaña'),(222,663,'Ciudad Bolívar','Ciudad Bolívar'),(223,24037,'Ica','Ica'),(224,3665,'Popayán','Popayán'),(225,662,'Barinas','Barinas'),(226,24040,'Salta','Salta'),(227,24042,'Barrancabermeja','Barrancabermeja'),(228,706,'Santa Bárbara de Zulia','Santa Bárbara de Zulia'),(229,24045,'San Cristóbal','San Cristóbal, Táchira'),(230,24044,'San Salvador','San Salvador'),(231,705,'Cabimas','Cabimas'),(232,705,'Maracaibo','Maracaibo'),(233,667,'San Diego','San Diego'),(234,1949,'Morón','Morón'),(235,707,'Maracaibo','Maracaibo'),(236,4100,'Guayaquil','Guayaquil'),(237,4100,'Loja','Loja'),(238,4100,'Quito','Quito'),(239,692,'Barquisimeto','Barquisimeto'),(240,4066,'Quito','Quito'),(241,24048,'Guatire','Guatire'),(242,24051,'Santo Domingo','Santo Domingo, Ecuador'),(243,24052,'Cancún','Cancún'),(244,23979,'Valle de la Pascua','Valle de la Pascua'),(245,23979,'Altagracia de Orituco','Altagracia de Orituco'),(246,24054,'Mumbai','Mumbai'),(247,24056,'Mar del Plata','Mar del Plata'),(248,146,'Lima','Ñaña, Lurigancho, Lima'),(249,146,'Juliaca','Chullunquiani, Juliaca, Puno'),(250,146,'Tarapoto','Morales, Tarapoto, San Martín'),(251,705,'Punto Fijo','Punto Fijo'),(252,4201,'Tegucigalpa','Tegucigalpa'),(253,4401,'Montevideo','Montevideo'),(254,4401,'Maldonado','Maldonado'),(255,24057,'Pasto','Pasto'),(256,461,'Sucre','Sucre'),(257,24061,'Judibana','Judibana'),(258,24060,'Viotá','Viotá'),(259,24058,'Sabaneta de Yásica','Sabaneta de Yásica'),(260,24062,'Rosario','Rosario'),(261,24064,'Miranda','Miranda'),(262,24065,'La Asunción','La Asunción'),(263,497,'Santa Cruz de la Sierra','Santa Cruz de la Sierra'),(264,24070,'Zacapa','San Pedro Zacapa'),(265,1979,'Rosario','Rosario'),(266,1136,'Puerto Ordaz','Puerto Ordaz'),(267,1136,'Maracaibo','Maracaibo'),(268,598,'Ciudad del Carmen','Ciudad del Carmen, Campeche'),(269,24077,'Maracaibo','Maracaibo'),(270,24071,'Naguanagua','Naguanagua'),(271,677,'Los Teques','Los Teques'),(272,24069,'Petare','Petare'),(273,24069,'Marigüitar','Marigüitar'),(274,24066,'Florencia','Florencia (Caquetá)'),(275,24066,'La Paz','La Paz (Cesar)'),(276,24082,'Oyacachi','Oyacachi'),(277,24073,'Guaranda','Guaranda'),(278,657,'Caricuao','Caricuao (Caracas)'),(279,657,'Coro','Santa Ana de Coro'),(280,657,'Valles del Tuy','Valles del Tuy'),(281,684,'Maturín','Maturín'),(282,24083,'Une','Une (Cundinamarca)'),(283,669,'Valencia','Valencia'),(284,24072,'Barrancabermeja','Barrancabermeja'),(285,24078,'Los Ángeles','Los Ángeles'),(286,24080,'Tumeremo','Tumeremo'),(287,24081,'Trujillo','Trujillo'),(288,24084,'Bogotá','Bogotá'),(289,4081,'Chone','Chone'),(290,4081,'Bahía de Caráquez','Bahía de Caráquez'),(291,4081,'Pedernales','Pedernales'),(292,4081,'El Carmen','El Carmen'),(293,24088,'Barquisimeto','Barquisimeto'),(294,697,'Los Naranjos','Los Naranjos'),(295,697,'Caracas','Caracas'),(296,24086,'Valencia','Valencia'),(297,24087,'Fort Lauderdale','Fort Lauderdale, Florida'),(298,9291,'Novokuznetsk','Novokuznetsk'),(299,9291,'Kémerovo','Kémerovo'),(300,1149,'Maracaibo','Maracaibo'),(301,24090,'El Tigre','El Tigre'),(302,24090,'Anaco','Anaco'),(303,24090,'Puerto La Cruz','Puerto La Cruz'),(304,24090,'Pariaguán','Pariaguán'),(305,24090,'Barcelona','Barcelona'),(306,24092,'Caracas','Caracas'),(307,693,'Cabudare','Cabudare'),(308,674,'Caracas','Caracas'),(309,687,'Maracaibo','Maracaibo'),(310,687,'Punto Fijo','Punto Fijo'),(311,687,'Valera','Valera'),(312,687,'Barquisimeto','Barquisimeto'),(313,687,'Litoral','Litoral'),(314,687,'Caracas','Caracas'),(328,24099,'Tachina','Tachina (Esmeraldas)'),(327,24101,'Santiago de María','Santiago de María (Usulután)'),(325,24100,'Igualada','Igualada (Barcelona)'),(326,4199,'La Ceiba','La Ceiba (Atlántida)'),(319,687,'Barcelona','Barcelona'),(320,687,'Cumaná-Arismendi','Cumaná-Arismendi'),(321,687,'Porlamar','Porlamar'),(322,687,'Maturín','Maturín'),(323,687,'Ciudad Bolívar','Ciudad Bolívar'),(324,687,'Ciudad Guayana','Ciudad Guayana'),(329,24097,'Imantag','Imantag (Cotacachi)'),(330,24098,'Manta','Manta'),(331,24102,'Valle de la Pascua','Valle de la Pascua'),(332,24094,'Caracas','Caracas'),(333,4129,'Santa Tecla','Santa Tecla'),(334,4048,'Santo Domingo','Santo Domingo'),(335,1817,'Guadalajara','Guadalajara'),(336,24106,'León','León (Guanajuato)'),(337,24117,'Cali','Santiago de Cali'),(338,3693,'Cali','Santiago de Cali'),(339,24120,'Ciudad Montes','Ciudad Montes (Bogotá)'),(340,24120,'San Fernando','San Fernando'),(341,24120,'Bogotá','Bogotá'),(342,24116,'Barquisimeto','Barquisimeto'),(343,24111,'Vaqueros','Vaqueros (Salta)'),(344,183,'Lambayeque','Lambayeque'),(345,24026,'Ciudad de Guatemala','Ciudad de Guatemala'),(346,24122,'Maracay','Maracay'),(347,24119,'Yopal','Yopal'),(348,134,'Huaraz','Huaraz'),(349,134,'Caraz','Caraz'),(350,134,'Chimbote','Chimbote'),(351,4117,'Jipijapa','Jipijapa'),(352,23851,'Ciudad de México','Ciudad de México'),(353,24124,'Maracaibo','Maracaibo'),(354,24109,'Caracas','Caracas'),(355,24126,'Caracas','Caracas'),(356,24128,'Barquisimeto','Barquisimeto'),(357,24128,'Anaco','Anaco'),(358,24128,'Aragua de Barcelona','Aragua de Barcelona'),(359,24128,'Barcelona','Barcelona'),(360,24128,'Barinas','Barinas'),(361,24128,'Ciudad Bolívar','Ciudad Bolívar'),(362,24128,'Caracas','Caracas'),(363,24128,'Charallave','Charallave'),(364,24128,'Guarenas','Guarenas'),(365,24128,'Maracaibo','Maracaibo'),(366,24128,'Maracay','Maracay'),(367,24128,'Mérida','Mérida'),(368,24128,'Porlamar','Porlamar'),(369,24128,'Puerto Ordaz','Puerto Ordaz'),(370,24128,'Punto Fijo','Punto Fijo'),(371,24128,'San Cristóbal','San Cristóbal'),(372,24128,'San Felipe','San Felipe'),(373,24128,'Socopó','Socopó'),(374,24128,'Valencia','Valencia'),(375,24131,'Rionegro','Rionegro (Antioquia)'),(376,181,'Trujillo','Trujillo'),(377,3742,'Barranquilla','Barranquilla'),(378,24130,'Barquisimeto','Barquisimeto'),(379,24138,'Kennedy (Bogotá)','Kennedy (Bogotá)'),(380,663,'Guasipati','Guasipati'),(381,24145,'Peto','Peto'),(382,24146,'Quito','Quito'),(383,684,'Barcelona','Barcelona (Anzoátegui)'),(384,24157,'Riobamba','Riobamba'),(385,546,'México, D.F.','Ciudad de México, D.F.'),(386,4084,'Machala','Machala'),(387,24154,'Cumaná','Cumaná'),(388,124,'Lima','Lima'),(389,4061,'Cuenca','Cuenca'),(390,4160,'Escuintla','Escuintla'),(391,24151,'Guayaquil','Guayaquil'),(392,24155,'Comodoro Rivadavia','Comodoro Rivadavia'),(393,24150,'Guayaquil','Guayaquil'),(394,24152,'Cuenca','Cuenca'),(395,4286,'Panamá City','Panamá City'),(396,24158,'Asunción','Asunción'),(397,704,'Bachaquero','Bachaquero'),(398,407,'Asunción','Asunción'),(399,24164,'Talca','Talca'),(400,2270,'Rio de Janeiro','Rio de Janeiro'),(401,24163,'Guayabito','Guayabito'),(402,24167,'Portoviejo','Portoviejo'),(403,24166,'Tauramena','Tauramena'),(404,3764,'Florencia','Florencia (Caquetá)'),(405,663,'Puerto Ordaz','Puerto Ordaz'),(406,24068,'Caracas','Caracas'),(407,4040,'Santo Domingo','Santo Domingo'),(408,1197,'Pachuca','Pachuca'),(409,24176,'Marrakech','Marrakech'),(410,24175,'Cali','Cali'),(411,24177,'Valledupar','Valledupar'),(493,4163,'Ciudad de Guatemala','Ciudad de Guatemala'),(413,3733,'Cúcuta','San José de Cúcuta'),(414,24180,'Bogotá','Bogotá'),(415,24183,'Cumaná','Cumaná'),(416,24187,'Santo Domingo de los Tsáchilas','Santo Domingo de los Tsáchilas'),(417,4239,'Anguilla','Anguilla'),(418,4239,'St. Vincent','St. Vincent'),(419,24192,'Coro','Coro'),(420,24194,'Montijo','Montijo'),(421,24195,'Tehuacán','Tehuacán'),(422,24190,'La Asunción','La Asunción'),(423,1241,'Guadalajara','Guadalajara'),(424,24179,'Dolores','Dolores'),(425,24179,'Carmelo','Carmelo'),(426,24179,'Colonia del Sacramento','Colonia del Sacramento'),(427,1915,'Buenos Aires','Buenos Aires'),(428,142,'Piura','Piura'),(429,695,'Táchira','Táchira'),(430,657,'San Carlos','San Carlos'),(431,657,'Ciudad Bolívar','Ciudad Bolívar'),(432,3706,'Santa Marta','Santa Marta'),(433,1472,'Querétaro','Querétaro'),(434,24201,'Chigorodó','Chigorodó'),(435,24202,'Buenos Aires','Buenos Aires'),(436,3724,'Neiva','Neiva'),(437,657,'Los Teques','Los Teques'),(438,675,'Trujillo','Trujillo'),(439,738,'México D.F.','México D.F.'),(440,24204,'Mendoza','Mendoza'),(441,24208,'La Sequita','La Sequita, Montecristi, Manabí'),(442,24206,'Turmero','Turmero'),(443,788,'Ciudad de México','Ciudad de México'),(444,24205,'San Diego','San Diego'),(445,24210,'Ayapel','Ayapel'),(446,24215,'Caracas','Caracas'),(447,672,'Puerto Ayacucho','Puerto Ayacucho'),(448,655,'Cumaná','Cumaná'),(449,655,'Carúmano','Carúmano'),(450,24216,'Buenos Aires','Buenos Aires'),(451,24217,'San Joaquín','San Joaquín'),(452,24235,'Mendoza','Mendoza'),(453,24243,'Riobamba','Riobamba'),(454,24240,'Mesa de Cavacas','Mesa de Cavacas'),(455,24272,'Mérida','Mérida'),(456,24275,'&#8203;Zipaquirá','&#8203;Zipaquirá'),(457,24275,'Bogotá','Bogotá'),(458,24143,'Conocoto','Conocoto'),(459,661,'Barinas','Barinas'),(460,24237,'Bucaramanga','Bucaramanga'),(461,24254,'Barquisimeto','Barquisimeto'),(462,24264,'Corrientes','Corrientes'),(463,24286,'Fojnica','Fojnica'),(464,24280,'Quinchía','Quinchía'),(465,24231,'Bogotá','Bogotá'),(466,24277,'Cartagena','Cartagena'),(467,24220,'Valledupar','Valledupar'),(468,4291,'Ciudad de Panamá','Ciudad de Panamá'),(469,24248,'Quevedo','Quevedo'),(470,24292,'Loja','Loja'),(471,24268,'Autlán','Autlán'),(472,24225,'Santiago de los Caballeros','Santiago de los Caballeros'),(473,24285,'Naguanagua','Naguanagua'),(474,24283,'Coro','Coro'),(475,24221,'La Fría','La Fría'),(476,24221,'La Palmita','La Palmita'),(477,24221,'Seboruco','Seboruco'),(478,24242,'Cagua','Cagua'),(479,24296,'Santa Marta','Santa Marta'),(480,24263,'Táchira','Táchira'),(481,1193,'Mérida','Mérida'),(482,24298,'Boleita Sur, Caracas','Boleita Sur, Caracas'),(483,675,'Mérida','Mérida'),(484,657,'Palo Verde','Palo Verde'),(485,657,'Barcelona','Barcelona'),(486,655,'Zulia','Zulia'),(487,24301,'Barinas','Barinas'),(488,215,'Valparaíso','Valparaíso'),(489,24302,'Ejido','Ejido (Mérida)'),(490,4136,'San Salvador','San Salvador'),(491,24260,'San Francisco','San Francisco, Zulia'),(492,24178,'Los Palmitos','Los Palmitos, Sucre'),(494,24303,'Las Agüitas','Las Agüitas, Valencia'),(495,24304,'Porlamar','Porlamar'),(496,655,'Puerto Cabello','Puerto Cabello'),(497,24305,'Lorica','Santa Cruz de Lorica'),(498,20680,'Attock','Attock'),(499,24307,'Mérida','Mérida'),(500,24308,'Hermosillo','Hermosillo'),(501,695,'Trujillo','Trujillo'),(502,24313,'San Antonio','San Antonio de Los Altos'),(503,689,'Coro','Coro'),(504,2158,'São Paulo','São Paulo'),(505,2035,'São Paulo','São Paulo'),(506,24315,'Monterrey','Monterrey'),(507,23848,'Nezahualcóyotl','Nezahualcóyotl'),(508,24317,'Portoviejo','Portoviejo'),(509,23851,'Puebla','Puebla'),(510,24321,'Machachi','Machachi'),(511,703,'San Felipe','San Felipe - Yaracuy'),(512,23998,'Coro','Coro, Falcón'),(513,24322,'Cuenca','Cuenca'),(514,24326,'Maracaibo','Maracaibo'),(515,24327,'Valle de Bravo','Valle de Bravo'),(516,24163,'Teremar','Teremar'),(517,23890,'Carabobo','Carabobo'),(518,675,'Barinas','Barinas'),(519,96,'Providencia','Providencia'),(520,24335,'Santa Lucía','Santa Lucía, Miranda'),(521,24334,'Capatárida','Capatárida, Buchivacoa, Falcón'),(522,24333,'Paucarpata','Paucarpata'),(523,24355,'Mérida','Mérida'),(524,674,'Maracay','Maracay'),(525,674,'Valera','Valera'),(526,24348,'El Tigre','El Tigre'),(529,23859,'Anzoátegui','Anzoátegui'),(528,23859,'Amazonas','Amazonas'),(530,23859,'Apure','Apure'),(531,23859,'Aragua','Aragua'),(532,23859,'Barinas','Barinas'),(533,23859,'Bolívar','Bolívar'),(534,23859,'Carabobo','Carabobo'),(535,23859,'Cojedes','Cojedes'),(536,23859,'Delta Amacuro','Delta Amacuro'),(537,23859,'Distrito Capital','Distrito Capital'),(538,23859,'Falcón','Falcón'),(539,23859,'Guárico','Guárico'),(540,23859,'Lara','Lara'),(541,23859,'Mérida','Mérida'),(542,23859,'Miranda','Miranda'),(543,23859,'Monagas','Monagas'),(544,23859,'Nueva Esparta','Nueva Esparta'),(545,23859,'Portuguesa','Portuguesa'),(546,23859,'Sucre','Sucre'),(547,23859,'Táchira','Táchira'),(548,23859,'Trujillo','Trujillo'),(549,23859,'Vargas','Vargas'),(550,23859,'Yaracuy','Yaracuy'),(551,23859,'Zulia','Zulia'),(552,657,'Barquisimeto','Barquisimeto'),(553,655,'Bejuma','Bejuma'),(554,655,'Mérida','Mérida'),(555,24345,'Las Piedras','Las Piedras, Zulia'),(556,24354,'Cabimas','Cabimas'),(557,24336,'Río Gallegos','Río Gallegos'),(558,24340,'Boadilla del Monte','Boadilla del Monte'),(559,24352,'Barrancabermeja','Barrancabermeja'),(560,24341,'Santiago de Surco','Santiago de Surco'),(561,24341,'Arequipa','Arequipa'),(1045,24341,'San Juan de Lurigancho','San Juan de Lurigancho'),(563,24347,'Caracas','Caracas'),(564,24346,'Maracaibo','Maracaibo'),(565,24353,'Iribarren','Iribarren'),(566,655,'Nueva Esparta','Nueva Esparta'),(567,1144,'Puerto La Cruz','Puerto La Cruz'),(568,664,'Barquisimeto','Barquisimeto'),(569,657,'El Vigía','El Vigía'),(570,676,'Puerto La Cruz','Puerto La Cruz'),(571,676,'Caracas','Caracas'),(572,24360,'Ciudad Guayana','Ciudad Guayana'),(573,24363,'Maracay','Maracay'),(574,24372,'Pereira','Pereira'),(575,24369,'La Victoria, Lima','La Victoria, Lima'),(576,24366,'La Trinidad','La Trinidad'),(577,24366,'La Boyera','La Boyera'),(578,24373,'Cordero','Cordero'),(579,24374,'Valencia','Valencia'),(580,4390,'Montevideo','Montevideo'),(581,4284,'Managua','Managua'),(582,4284,'Jinotepe','Jinotepe'),(583,4284,'Masaya','Masaya'),(584,4284,'Rivas','Rivas'),(585,24376,'Juan Griego','Juan Griego'),(586,655,'Punto Fijo','Punto Fijo (Falcón)'),(587,24378,'David','David, Chiriquí'),(588,655,'La Isabelica','La Isabelica'),(589,655,'Vargas','Vargas'),(590,689,'El Hatillo','El Hatillo'),(591,24171,'La Victoria','La Victoria'),(592,24171,'Maracay','Maracay'),(593,24171,'Barbacoas','Barbacoas'),(594,24388,'Guatajiagua','Guatajiagua'),(595,24385,'Granada','Granada'),(596,24387,'Socopó','Socopó'),(597,659,'Caracas','Caracas'),(598,659,'Táchira','Táchira'),(599,659,'Zulia','Zulia'),(600,659,'Mérida','Mérida'),(601,659,'Trujillo','Trujillo'),(602,659,'Barinas','Barinas'),(603,659,'Falcón','Falcón'),(604,659,'Lara','Lara'),(605,659,'Yaracuy','Yaracuy'),(606,659,'Aragua','Aragua'),(607,659,'Apure','Apure'),(608,659,'Vargas','Vargas'),(609,659,'Miranda','Miranda'),(610,659,'Anzoátegui','Anzoátegui'),(611,659,'Porlamar','Porlamar'),(612,659,'Bolívar','Bolívar'),(613,659,'Monagas','Monagas'),(614,659,'Sucre','Sucre'),(615,659,'Estado Delta Amacuro','Estado Delta Amacuro'),(616,24386,'La Victoria','La Victoria'),(617,24389,'Ciudad Ojeda','Ciudad Ojeda'),(618,675,'Anzoátegui','Anzoátegui'),(619,664,'Puerto Ordaz','Puerto Ordaz'),(620,664,'Charallave','Charallave'),(621,24390,'Puerto Cabello','Puerto Cabello'),(622,3930,'Villavicencio','Villavicencio'),(623,24391,'Nuevo Arraiján','Nuevo Arraiján, Panamá'),(624,655,'Lara','Lara'),(625,24393,'Ciudad de México','Ciudad de México'),(626,24398,'Mérida','Mérida'),(627,24395,'Caracas','Caracas'),(628,24399,'Antímano','Antímano, Caracas'),(629,24400,'Lucknow','Lucknow'),(630,22543,'Maadi','Maadi, Cairo'),(631,24402,'Sincelejo','Sincelejo'),(632,1186,'Atlixco','Atlixco, Puebla'),(633,24403,'Caracas','Caracas'),(634,4122,'Antiguo Cuscatlán','Antiguo Cuscatlán'),(635,428,'Asunción','Asunción'),(636,24405,'Quetzaltenango','Quetzaltenango'),(637,24404,'Independencia','Independencia, Líma'),(638,24406,'Bogotá','Bogotá'),(639,24407,'Cajabamba','Cajabamba'),(640,1895,'Corrientes','Corrientes'),(641,24409,'Rosario','Rosario'),(642,24411,'Barcelona','Barcelona'),(643,23848,'San Felipe del Progreso','San Felipe del Progreso'),(644,675,'Lara','Lara'),(645,3740,'San Juan de Pasto','San Juan de Pasto, Nariño'),(646,23940,'Santa Marta','Santa Marta, Magdalena'),(648,24416,'Ciudad Lerdo','Ciudad Lerdo, Durango'),(649,3687,'Cartagena de Indias','Cartagena de Indias'),(650,24418,'Bogotá','Bogotá'),(651,24417,'Ximena','Ximena, Guayaquil'),(652,24419,'Cuenca','Cuenca'),(653,3732,'Bogotá','Bogotá'),(654,24415,'Pontevedra','Pontevedra'),(655,24440,'Esmeraldas','Esmeraldas'),(656,23890,'Anzoátegui','Anzoátegui'),(657,24444,'Buenos Aires','Buenos Aires'),(658,24320,'Barcelona','Barcelona'),(659,24362,'Cabudare','Cabudare'),(660,24447,'Guayaquil','Guayaquil'),(661,506,'Tarija','Tarija'),(662,1573,'Ciudad Juárez','Ciudad Juárez'),(663,24442,'Lima','Lima'),(664,24425,'Latacunga','Latacunga'),(665,24448,'Manta','Manta'),(666,24443,'Ica','Ica'),(667,24427,'Francisco Linares Alcántara','Francisco Linares Alcántara'),(668,24307,'Caracas','Caracas'),(669,674,'El Tigre','El Tigre'),(671,24423,'Tegucigalpa','Tegucigalpa'),(672,24437,'San Agustín de las Juntas','San Agustín de las Juntas, Oaxaca'),(673,24450,'Ludo','Ludo'),(674,24348,'Barcelona','Barcelona'),(675,24457,'Zacapa','Zacapa'),(676,24453,'Guaymallén','Guaymallén (Mendoza)'),(677,24432,'Los Teques','Los Teques'),(678,24454,'Caracas','Caracas'),(679,24460,'Ambato','Ambato'),(680,657,'Maracay','Maracay'),(681,23828,'Granada','Granada'),(682,24474,'Córdoba','Córdoba'),(683,142,'Callao','Callao'),(684,408,'Presidente Franco','Presidente Franco'),(685,24486,'Maracena','Maracena'),(686,621,'Guadalajara','Guadalajara'),(687,24487,'Palmira','Palmira'),(688,1885,'Resistencia','Resistencia'),(689,156,'Santiago de Surco','Santiago de Surco'),(690,24467,'Cuenca','Cuenca'),(691,24492,'El Calafate','El Calafate'),(692,24499,'Nueva Esparta','Nueva Esparta'),(693,698,'Nueva Esparta','Nueva Esparta'),(694,684,'Valencia','Valencia'),(695,684,'Caracas','Caracas'),(696,24500,'Caracas','Caracas'),(697,24496,'Hyderabad','Hyderabad'),(698,24501,'Bogotá','Bogotá'),(699,907,'Tonalá','Tonalá'),(700,24508,'Lima','Lima'),(701,17745,'Bhubaneswar','Bhubaneswar'),(702,24507,'Juárez','Juárez'),(703,24510,'Ciudad Bolívar','Ciudad Bolívar'),(704,24511,'Caracas','Caracas'),(705,24511,'Barquisimeto','Barquisimeto'),(706,24511,'Valencia','Valencia'),(707,24511,'Maracaibo','Maracaibo'),(708,684,'San Cristóbal','San Cristóbal'),(709,24513,'Pastaza','Pastaza'),(710,24515,'Maracaibo','Maracaibo'),(711,24515,'San Cristóbal','San Cristóbal'),(712,664,'Caracas','Caracas'),(713,24517,'Huacho','Huacho'),(714,4199,'Tegucigalpa','Tegucigalpa'),(715,24519,'Azogues','San Francisco de Peleusí de Azogues'),(716,24520,'Comodoro Rivadavia','Comodoro Rivadavia'),(717,1231,'Guadalupe','Guadalupe'),(718,24523,'Puerto Ordaz','Puerto Ordaz'),(719,24538,'Caracas','Caracas'),(720,24541,'Catamarca','San Fernando del Valle de Catamarca'),(721,24543,'Buenos Aires','Buenos Aires'),(722,24554,'Paraná','Paraná'),(723,24546,'Quetzaltenango','Quetzaltenango'),(724,175,'Huancayo','Huancayo'),(725,24548,'Maipú','Maipú'),(726,675,'Apure','Apure'),(727,24557,'Valencia','Valencia'),(728,24263,'Caracas','Caracas'),(729,701,'San Cristóbal','San Cristóbal'),(730,3887,'Chinchiná','Chinchiná'),(731,1904,'San Juan','San Juan'),(732,24530,'San Cristóbal','San Cristóbal, Táchira'),(733,24544,'Barinas','Barinas'),(734,24544,'Barinitas','Barinitas'),(735,24544,'Socopo','Socopo'),(736,24544,'Pedraza','Pedraza'),(737,655,'Amazonas','Amazonas'),(738,655,'Bolívar','Bolívar'),(739,655,'Delta Amacuro','Delta Amacuro'),(740,686,'Caracas','Caracas'),(741,24535,'Posadas','Posadas'),(742,24537,'Lima','Lima'),(743,24527,'Santa Tecla','Santa Tecla'),(744,1885,'Córdoba','Córdoba'),(745,24534,'Córdoba','Córdoba'),(746,24571,'Candelaria','Candelaria'),(747,24571,'Baruta','Baruta'),(748,24571,'Santa Cruz','Santa Cruz'),(749,699,'Puerto Ordaz','Puerto Ordaz'),(750,1182,'Guadalajara','Guadalajara'),(751,755,'Ciudad de México','Ciudad de México'),(752,24594,'Bogotá','Bogotá'),(753,1713,'Altamira','Altamira'),(754,4158,'Chimaltenango','Chimaltenango'),(755,4246,'Managua','Managua'),(757,675,'Zulia','Zulia'),(758,476,'La Paz','La Paz'),(759,4287,'Santiago','Santiago'),(760,4287,'David','David'),(761,4287,'Chitré','Chitré'),(762,4287,'Penonomé','Penonomé'),(763,4287,'Panamá','Panamá'),(764,24578,'Tuxtla Gutiérrez','Tuxtla Gutiérrez'),(765,684,'Maracay','Maracay'),(766,24577,'San Cristóbal de las Casas','San Cristóbal de las Casas'),(767,24577,'Tapachula','Tapachula'),(768,24577,'Tonalá','Tonalá'),(769,24577,'Tuxtla Gutiérrez','Tuxtla Gutiérrez'),(770,24600,'Juliaca','Juliaca'),(771,4262,'Managua','Managua'),(772,24590,'Buenos Aires','Buenos Aires'),(773,24591,'Sincelejo','Sincelejo'),(774,24592,'San Fernando','San Fernando (Buenos Aires)'),(775,24596,'Veracruz','Veracruz'),(776,24574,'Lima','Lima'),(777,24565,'Morelos','Morelos'),(778,24581,'Guayaquil','Guayaquil'),(779,24561,'San Luis Potosí','San Luis Potosí'),(780,24567,'Tetla','Tetla'),(781,24605,'Caracas','Caracas'),(782,24560,'Santo Domingo','Santo Domingo'),(783,24612,'Gines','Gines, Sevilla'),(784,10,'Sevilla','Sevilla'),(785,24603,'Sucre','Sucre'),(786,24586,'Quetzaltenango','Quetzaltenango'),(787,24615,'Limoncocha','Limoncocha, Shushufindi, Sucumbios'),(788,24598,'Buenos Aires','Buenos Aires'),(789,24584,'Pergamino','Pergamino'),(790,24568,'Santiago','Santiago'),(791,24616,'Sabadell','Sabadell'),(792,24572,'Cuenca','Cuenca'),(793,22777,'Agadir','Agadir'),(794,24617,'Córdoba','Córdoba'),(795,24639,'Arequipa','Arequipa'),(796,24627,'Caracas','Caracas'),(797,24640,'Neiva','Neiva'),(798,24646,'Bocaina','Bocaina'),(799,24646,'Ibituruna','Ibituruna'),(800,24646,'Taunay','Taunay'),(801,24646,'Nazareno','Nazareno'),(802,24634,'Puerto Escondido','Puerto Escondido'),(803,24626,'Maracay','Maracay'),(804,1572,'Tlaxco','Tlaxco'),(805,24648,'Málaga','Málaga'),(806,24648,'Granada','Granada'),(807,24648,'Almería','Almería'),(808,1350,'Chihuahua','Chihuahua'),(809,1131,'San Carlos','San Carlos'),(810,24643,'La Plata','La Plata'),(811,1027,'Barcelona','Barcelona'),(812,24621,'Chorrillos','Chorrillos'),(813,547,'Chiapas','Chiapas'),(814,547,'Monterrey','Monterrey'),(815,24620,'Palmar de Varela','Palmar de Varela'),(816,24636,'Chaparral','Chaparral (Tolima)'),(817,24642,'Caracas','Caracas'),(818,24635,'Caracas','Caracas'),(819,24632,'La Sequita','La Sequita, Montecristi'),(820,24651,'Altagracia de Orituco','Altagracia de Orituco'),(821,1441,'Juan C. Bonilla','Juan C. Bonilla (Puebla)'),(822,24653,'Riobamba','Riobamba'),(823,1186,'Puebla','Puebla'),(825,1059,'Santa Cruz de Tenerife','Santa Cruz de Tenerife'),(826,24672,'Naguanagua','Naguanagua, Carabobo'),(827,4073,'Loja','Loja'),(828,23860,'Camojallito','Camojallito'),(829,23860,'Poptún','Poptún'),(830,756,'Iztapalapa','Iztapalapa'),(831,24677,'Barranquilla','Barranquilla'),(832,4111,'Guayaquil','Guayaquil'),(833,225,'Viña del Mar','Viña del Mar'),(834,225,'Valparaíso','Valparaíso'),(835,22715,'Embu','Embu'),(836,717,'Torreón','Torreón'),(837,717,'Saltillo','Saltillo'),(838,24689,'Chajari','Chajari'),(839,24690,'Saltillo','Saltillo'),(840,24697,'Villa Junín','Villa Junín'),(841,24691,'Nueva Cajamarca','Nueva Cajamarca'),(842,1123,'Lima','Lima'),(843,1231,'Morelia','Morelia'),(844,23851,'Jojutla de Juárez','Jojutla de Juárez, Morelos'),(845,726,'Saltillo','Saltillo, Coahuila'),(846,23193,'Sovenga','Sovenga'),(847,1797,'Coacalco de Berriozábal','Coacalco de Berriozábal'),(848,4245,'León','León'),(849,675,'Yaracuy','Yaracuy'),(850,4289,'David','David'),(851,20887,'Manila','Manila'),(852,127,'Chosica','Chosica'),(853,24696,'Vigo','Vigo'),(854,24673,'San Pedro Cholula','San Pedro Cholula'),(855,163,'Ayacucho','Ayacucho'),(856,96,'La Florida, Santiago','La Florida, Santiago'),(857,102,'Valdivia','Valdivia'),(858,24686,'Chetumal','Chetumal'),(859,3663,'Bogotá','Bogotá'),(860,24676,'La Plata','La Plata'),(861,24680,'Lima','Lima'),(862,24660,'Salta','Salta'),(863,24679,'Asunción','Asunción'),(864,24682,'Maracay','Maracay'),(865,24661,'Almagro','Almagro'),(866,4066,'Santo Domingo de los Colorados','Santo Domingo de los Colorados'),(867,4066,'Galápagos','Galápagos'),(868,24706,'Frontera de Río Pico','Frontera de Río Pico'),(869,8319,'Opole','Opole'),(870,24709,'Granada','Granada'),(871,24710,'Granada','Granada'),(872,749,'Ciudad de México','Ciudad de México'),(873,23854,'Lota','Lota'),(874,23854,'Cañete','Cañete'),(875,24713,'Córdoba','Córdoba'),(876,20735,'Karachi','Karachi'),(877,24715,'Montería','Montería'),(878,24716,'La Molina','La Molina'),(879,655,'Los Teques','Los Teques'),(880,23859,'Cagua','Cagua'),(881,24719,'Xalatlaco','Xalatlaco'),(882,24721,'Guayaquil','Guayaquil'),(883,24722,'Buenos Aires','Buenos Aires'),(884,24723,'Ciudad Victoria','Ciudad Victoria (Tamaulipas)'),(885,23851,'Acultzingo','Acultzingo'),(886,24725,'Lima','Lima'),(887,23855,'Guadalajara','Guadalajara'),(888,24727,'Cuenca','Cuenca'),(889,24729,'Bogotá','Bogotá'),(890,131,'Lima','Lima'),(891,912,'Barcelona','Barcelona'),(892,24733,'León','León'),(893,24737,'Ciudad de México','Ciudad de México'),(894,549,'Cancún','Cancún'),(895,549,'Chetumal','Chetumal'),(896,549,'Cozumel','Cozumel'),(897,549,'Playa del Carmen','Playa del Carmen'),(898,549,'Acapulco','Acapulco, Guerrero'),(899,22942,'Agadir','Agadir'),(900,24743,'Santa Rita de Siguas','Santa Rita de Siguas'),(901,758,'Atizapán','Atizapán'),(902,758,'Cuitláhuac','Cuitláhuac'),(903,758,'Ecatepec','Ecatepec'),(904,758,'Guadalajara','Guadalajara'),(905,758,'León','León'),(906,758,'Marina','Marina'),(907,758,'Querétaro','Querétaro'),(908,758,'Ciudad de México','Ciudad de México'),(909,758,'Toluca','Toluca'),(910,24802,'San Juan de Lurigancho','San Juan de Lurigancho'),(911,24821,'Cájar','Cájar (Granada)'),(912,24755,'Tarapacá&#8203;&#8203;','Tarapacá&#8203;&#8203;'),(913,20396,'Macau','Macau'),(914,4082,'Pintag','Pintag'),(915,477,'El Alto','El Alto'),(916,1212,'Tehuacán','Tehuacán'),(917,689,'Punto Fijo','Punto Fijo'),(918,675,'Carabobo','Carabobo'),(919,24348,'Acarigua','Acarigua'),(920,657,'San Juan de los Morros','San Juan de los Morros'),(921,24797,'San Lucas Tolimán','San Lucas Tolimán'),(922,23848,'Oaxaca','Oaxaca'),(923,24796,'Altamira','Altamira'),(924,24796,'Oriente','Oriente'),(925,24796,'Mexicali','Mexicali'),(926,24796,'Ensenada','Ensenada'),(927,24796,'San Quintín','San Quintín'),(928,24786,'Caracas','Caracas'),(929,1108,'Arequipa','Arequipa'),(930,24823,'San Juan de los Lagos','San Juan de los Lagos, Jalisco'),(931,24830,'Cienfuegos','Cienfuegos'),(932,24803,'Buenos Aires','Buenos Aires'),(933,24770,'Santa Fe','Santa Fe'),(934,24795,'Córdoba','Córdoba'),(935,24801,'Buenos Aires','Buenos Aires'),(936,24784,'Buenos Aires','Buenos Aires'),(937,24819,'Uncia','Uncia'),(938,24843,'Valparaíso','Valparaíso'),(939,24834,'&#8203;Brunswick','&#8203;Brunswick'),(940,24831,'Sintra','Sintra'),(941,24839,'Aguascalientes','Aguascalientes'),(942,24835,'Lázaro Cárdenas','Lázaro Cárdenas, Puebla'),(943,24840,'Puebla','Puebla'),(944,24844,'Tlalnepantla de Baz','Tlalnepantla de Baz'),(945,24832,'Las Palmas','Las Palmas'),(946,24827,'Sant Joan Despí','Sant Joan Despí'),(947,24818,'San Martín de Porres, Lima','San Martín de Porres, Lima'),(948,24757,'Lima','Lima'),(949,24817,'Tuxtla Gutiérrez','Tuxtla Gutiérrez'),(950,24813,'Caracas','Caracas'),(951,24816,'Malolos','Malolos'),(952,24767,'Guayaquil','Guayaquil'),(953,24787,'Santa Rosa de Cabal','Santa Rosa de Cabal'),(954,24756,'Medellín','Medellín'),(955,24744,'Engativá','Engativá'),(956,24762,'Bogotá','Bogotá'),(957,24854,'Lisboa','Lisboa'),(958,24855,'Viacha','Viacha'),(959,24857,'Ciudad de México','Ciudad de México'),(960,24806,'Loma Alta','Loma Alta'),(961,24814,'Madrid','Madrid'),(962,24745,'Barranquilla','Barranquilla'),(963,6587,'Prague','Prague'),(964,24752,'Quito','Quito'),(965,24752,'Gye','Gye'),(966,24752,'Ibarra','Ibarra'),(967,24752,'Portoviejo','Portoviejo'),(968,24752,'Ambato','Ambato'),(969,24752,'Santo Domingo','Santo Domingo'),(970,24752,'Guayaquil','Guayaquil'),(971,24799,'Managua','Managua'),(972,24799,'Ocotal','Ocotal'),(973,24740,'&#304;stanbul','&#304;stanbul'),(974,24754,'La Ceiba','La Ceiba'),(975,24811,'Tyre','Tyre'),(976,1231,'Cananea','Cananea'),(977,24826,'Montemorelos','Montemorelos'),(978,24747,'Hellín (Albacete)','Hellín (Albacete)'),(979,24837,'Dodoma','Dodoma'),(980,24847,'Santiago de Surco','Santiago de Surco'),(981,24842,'Heroica Guaymas','Heroica Guaymas'),(982,1158,'Fernando de la Mora','Fernando de la Mora'),(983,1158,'La Colmena','La Colmena'),(984,21954,'Nakhon Phanom','Nakhon Phanom'),(985,24812,'Ciudad Bolívar','Ciudad Bolívar'),(986,24739,'Cali','Cali'),(987,24790,'Santo Domingo','Santo Domingo'),(988,24781,'Querétaro','Querétaro'),(989,11908,'Galloway, NJ','Galloway, NJ'),(990,1255,'Ecatepec de Morelos','Ecatepec de Morelos'),(991,24742,'Santo Domingo','Santo Domingo de los Tsáchilas'),(992,1894,'Tandil','Tandil'),(993,4126,'San Miguel','San Miguel'),(994,4069,'Ambato','Ambato'),(995,24853,'Cagayán de Oro','Cagayán de Oro'),(996,24773,'Barranquilla','Barranquilla'),(997,18076,'Mashhad','Mashhad'),(998,24876,'Trevelin','Trevelin, Chubut'),(999,24882,'Luján de Cuyo','Luján de Cuyo, Mendoza'),(1000,24883,'Riobamba','Riobamba'),(1001,24884,'Riobamba','Riobamba'),(1002,23957,'Caracas','Caracas'),(1003,24870,'Barcelona','Barcelona'),(1004,24888,'Piñas','Piñas'),(1005,24889,'Villa Linda en Pantoja','Villa Linda en Pantoja'),(1006,24891,'Bocas del Toro','Bocas del Toro'),(1007,1271,'Zempoala','Zempoala, Hidalgo'),(1008,24892,'Zamboanga','Zamboanga'),(1009,24185,'Delhi','Delhi'),(1010,1231,'Amaxac de Guerrero','Amaxac de Guerrero'),(1011,1191,'San Luis Potosí','San Luis Potosí'),(1012,1191,'Ciudad Valles','Ciudad Valles'),(1013,1191,'Matehuala','Matehuala'),(1014,1191,'Rioverde','Rioverde'),(1015,1191,'Salinas de Hidalgo','Salinas de Hidalgo'),(1016,1191,'Tamazunchale','Tamazunchale'),(1017,24894,'Choloma','Choloma'),(1018,24895,'Mumbai','Mumbai'),(1019,24779,'Santiago Tilapa','Santiago Tilapa'),(1020,24805,'Santiago de Chile','Santiago de Chile'),(1021,4026,'Santo Domingo','Santo Domingo'),(1022,4118,'San Salvador','San Salvador'),(1023,11613,'Worcester','Worcester'),(1024,668,'San Diego','San Diego'),(1025,1130,'Punta de Piedras','Punta de Piedras (Nueva Esparta)'),(1026,1130,'Boconó','Boconó'),(1027,1130,'San Carlos','San Carlos'),(1028,1130,'Tumeremo','Tumeremo'),(1029,1130,'Ciudad Guayana','Ciudad Guayana'),(1030,1130,'Puerto Ayacucho','Puerto Ayacucho'),(1031,6,'Córdoba','Córdoba'),(1032,684,'Mérida','Mérida'),(1033,684,'Cabimas','Cabimas'),(1034,684,'Porlamar','Porlamar'),(1035,684,'Barinas','Barinas'),(1036,684,'Puerto Ordaz','Puerto Ordaz'),(1037,684,'Tovar','Tovar'),(1038,684,'Ciudad Ojeda','Ciudad Ojeda'),(1039,684,'Maracaibo','Maracaibo'),(1040,24919,'El Manzano','El Manzano'),(1041,22779,'Meknès','Meknès'),(1042,24900,'San Buenaventura Nealtican','San Buenaventura Nealtican'),(1043,24921,'Nezahualcóyotl','Nezahualcóyotl'),(1046,24341,'Villa El Salvador','Villa El Salvador'),(1047,24341,'San Miguel','San Miguel'),(1048,24341,'Callao','Callao'),(1049,24341,'Chiclayo','Chiclayo'),(1051,24341,'Lima','Lima'),(1052,24341,'Los Olivos','Los Olivos'),(1053,692,'Cabudare','Cabudare'),(1054,3722,'Neiva','Neiva'),(1055,3667,'Chinácota','Chinácota'),(1056,24922,'Bogotá','Bogotá'),(1057,24769,'Bogotá','Bogotá'),(1058,3725,'Medellín','Medellín'),(1059,24701,'Medellín','Medellín'),(1060,1049,'Granada','Granada'),(1061,672,'El Limón','El Limón'),(1062,24915,'Baranoa','Baranoa'),(1063,24915,'Cibarco','Cibarco'),(1064,24915,'Cartagena','Cartagena'),(1065,24923,'Buenos Aires','Buenos Aires'),(1066,1184,'Tenancingo','Tenancingo'),(1067,1184,'Toluca de Lerdo','Toluca de Lerdo'),(1068,1184,'Amecameca de Juárez','Amecameca de Juárez'),(1069,1184,'Atlacomulco','Atlacomulco'),(1070,1184,'Ecatepec de Morelos','Ecatepec de Morelos'),(1071,1184,'Temascaltepec de González','Temascaltepec de González'),(1072,1184,'Santo Domingo Aztacameca','Santo Domingo Aztacameca'),(1073,1184,'Santiago Cuautlalpan','Santiago Cuautlalpan'),(1074,1184,'Valle de Chalco Solidaridad','Valle de Chalco Solidaridad'),(1075,1184,'Valle Escondido, Río San Javier','Valle Escondido, Río San Javier'),(1076,1184,'Zumpango','Zumpango'),(1077,1184,'Acolman','Acolman'),(1078,1184,'Nezahualcóyotl','Nezahualcóyotl'),(1079,1184,'Cuautitlán Izcalli','Cuautitlán Izcalli'),(1080,1184,'Huehuetoca','Huehuetoca'),(1081,1184,'Tejupilco','Tejupilco de Hidalgo'),(1082,1184,'Santiago Tianguistenco','Santiago Tianguistenco'),(1083,4374,'Montevideo','Montevideo'),(1084,24711,'Granada','Granada'),(1085,24925,'Granada','Granada'),(1086,24926,'Granada','Granada'),(1087,24927,'Granada','Granada'),(1088,24928,'Granada','Granada'),(1089,24929,'Granada','Granada'),(1090,24930,'Granada','Granada'),(1091,755,'Santiago Tlapacoya Centro','Santiago Tlapacoya Centro'),(1092,6793,'Paris','Paris'),(1093,2035,'Santos','Santos'),(1094,16180,'Jaipur','Jaipur'),(1095,24910,'Lima','Lima'),(1096,24917,'Cuernavaca','Cuernavaca'),(1097,24906,'Sukorejo','Sukorejo'),(1098,675,'Ciudad Bolívar','Ciudad Bolívar'),(1099,24931,'Buenos Aires','Buenos Aires'),(1100,24907,'Houston','Houston'),(1101,24903,'Panamá','Panamá'),(1102,24933,'Cali','Cali'),(1103,24905,'Ho Chi Minh','Ho Chi Minh'),(1104,24545,'Bogotá','Bogotá'),(1105,24899,'Ciudad de México','Ciudad de México'),(1106,24916,'Lima','Lima'),(1107,717,'Monclova','Monclova'),(1108,717,'Piedras Negras','Piedras Negras'),(1109,717,'Nueva Rosita','Nueva Rosita'),(1110,717,'Ciudad Acuña','Ciudad Acuña'),(1111,3661,'Turbo','Turbo'),(1112,3661,'Apartadó','Apartadó'),(1113,3661,'Carepa','Carepa'),(1114,3661,'Caucasia','Caucasia'),(1115,3661,'Yarumal','Yarumal'),(1116,3661,'Santa Fe de Antioquia','Santa Fe de Antioquia'),(1117,3661,'Andes','Andes'),(1118,3661,'Amalfi','Amalfi'),(1119,3661,'Segovia','Segovia'),(1120,3661,'Puerto Berrío','Puerto Berrío'),(1121,3661,'El Carmen de Viboral','El Carmen de Viboral'),(1122,3661,'Sonsón','Sonsón'),(1123,3661,'Medellín','Medellín'),(1124,24936,'Guaymas','Guaymas'),(1125,24935,'San Marcos','San Marcos'),(1126,1132,'Barquisimeto','Barquisimeto'),(1127,700,'Carvajal','San Rafael de Carvajal'),(1128,700,'Valera','Valera'),(1129,3909,'Facatativá','Facatativá'),(1130,417,'Caacupé','Caacupé'),(1131,417,'Caaguazú','Caaguazú'),(1132,417,'Ciudad del Este','Ciudad del Este'),(1133,417,'Concepción','Concepción'),(1134,417,'Curuguaty','Curuguaty'),(1135,417,'Encarnación','Encarnación'),(1136,417,'Itá','Itá'),(1137,417,'Itauguá','Itauguá'),(1138,417,'Luque','Luque'),(1139,417,'Pedro Juan Caballero','Pedro Juan Caballero'),(1140,417,'Villa Hayes','Villa Hayes'),(1141,417,'Villarrica','Villarrica'),(1142,2052,'Belo Horizonte','Belo Horizonte'),(1143,2096,'Arapiraca','Arapiraca'),(1144,4129,'La Unión','La Unión'),(1145,4129,'San Miguel','San Miguel'),(1146,4129,'Santa Ana','Santa Ana'),(1147,4129,'Zacatecoluca','Zacatecoluca'),(1149,24938,'São Paulo','São Paulo'),(1150,90,'Santa Cruz de la Sierra','Santa Cruz de la Sierra'),(1151,24939,'Santa Rosa','Santa Rosa'),(1152,2023,'Rio de Janeiro','Rio de Janeiro'),(1154,3755,'Barranquilla','Barranquilla'),(1155,3755,'Medellín','Medellín'),(1156,3755,'Montería','Montería'),(1157,11418,'Montreal','Montreal'),(1158,24943,'Villa Nueva','Villa Nueva'),(1159,3735,'Bogotá','Bogotá'),(1160,3735,'Girardot','Girardot'),(1161,4160,'Huehuetenango','Huehuetenango'),(1162,4160,'Quetzaltenango','Quetzaltenango'),(1163,4160,'San Juan Chamelco','San Juan Chamelco'),(1164,4160,'Santa Cruz del Quiché','Santa Cruz del Quiché'),(1165,4160,'Aldea Pueblo Modelo','Aldea Pueblo Modelo'),(1166,4160,'Antigua','Antigua'),(1167,4160,'Jutiapa','Jutiapa'),(1168,24947,'Cali','Cali'),(1169,3677,'Barranquilla','Barranquilla'),(1170,3677,'Santa Marta','Santa Marta'),(1171,430,'Asunción','Asunción'),(1172,1919,'Buenos Aires','Buenos Aires'),(1173,4285,'Panamá','Panamá'),(1174,4285,'Chitré','Chitré'),(1175,2028,'Santa Maria','Santa Maria'),(1176,2357,'Cuiabá','Cuiabá'),(1177,24953,'Valverde','Villa de Valverde'),(1178,150,'San Miguel','San Miguel'),(1179,24957,'Buenos Aires','Buenos Aires'),(1180,24955,'Quito','Quito'),(1181,24956,'Rancagua','Rancagua'),(1182,788,'Tlalnepantla de Baz','Tlalnepantla de Baz'),(1183,25032,'Portobelo','Portobelo'),(1184,25037,'Punta de Piedras','Punta de Piedras'),(1185,25107,'Buenos Aires','Buenos Aires'),(1186,3892,'Bogotá','Bogotá'),(1187,25070,'Tonchigüe','Tonchigüe, Esmeraldas'),(1188,25186,'Andalucía','Andalucía'),(1189,25186,'Aragón','Aragón'),(1190,25186,'Asturias','Asturias'),(1191,25186,'Illes Balears','Illes Balears'),(1192,25186,'Canarias','Canarias'),(1193,25186,'Cantabria','Cantabria'),(1194,25186,'Castilla-La Mancha','Castilla-La Mancha'),(1195,25186,'Castilla y León','Castilla y León'),(1196,25186,'Catalunya','Catalunya'),(1197,25186,'Extremadura','Extremadura'),(1198,25186,'Galicia','Galicia'),(1199,25186,'La Rioja','La Rioja'),(1200,25186,'Madrid','Madrid'),(1201,25186,'Murcia','Murcia'),(1202,25186,'Navarra','Navarra'),(1203,25186,'País Vasco','País Vasco'),(1204,25186,'Comunitat Valenciana','Comunitat Valenciana'),(1205,25166,'La Plata','La Plata'),(1206,23928,'Hato Mayor','Hato Mayor'),(1207,25249,'Ciudad de Guatemala','Ciudad de Guatemala'),(1208,25258,'Jumilla','Jumilla (Murcia)'),(1209,25178,'Tingambato','Tingambato, Michoacán'),(1210,25243,'Valencia','Valencia'),(1211,25272,'Donostia','Donostia, Gipuzkoa'),(1212,25271,'Dibulla','Dibulla'),(1213,25271,'Mingueo','Mingueo'),(1214,22726,'Zauiya','Zauiya'),(1215,22726,'Al Ajaylat','Al Ajaylat'),(1216,22726,'Abu Issa','Abu Issa'),(1217,22726,'Zuara','Zuara'),(1218,25180,'Trujillo','Trujillo'),(1219,25375,'Rosende (Sober)','Rosende (Sober) - Lugo'),(1220,25402,'Duitama','Duitama, Boyacá'),(1221,25403,'Duitama','Duitama, Boyacá'),(1222,25404,'Duitama','Duitama, Boyacá'),(1223,25405,'Duitama','Duitama, Boyacá'),(1224,25406,'Duitama','Duitama, Boyacá'),(1225,25407,'Duitama','Duitama, Boyacá'),(1226,25226,'Guayaquil','Guayaquil'),(1227,25226,'Samborondón','Samborondón'),(1228,25379,'London','London'),(1229,24969,'Riyadh','Riyadh'),(1230,21569,'Riyadh','Riyadh'),(1231,21592,'Al Aqiq','Al Aqiq'),(1232,25116,'Fernando de la Mora','Fernando de la Mora'),(1233,25368,'Surendranagar, Gujarat','Surendranagar, Gujarat'),(1234,25314,'Kerala','Kerala'),(1235,25182,'Makati','Makati'),(1236,711,'Ciudad de Los Teques','Ciudad de Los Teques, Estado Miranda'),(1237,711,'La Campiña, Caracas','La Campiña, Caracas'),(1238,25412,'Duitama','Duitama, Boyacá'),(1239,25413,'Duitama','Duitama, Boyacá'),(1240,25414,'Duitama','Duitama, Boyacá'),(1241,25415,'Duitama','Duitama, Boyacá'),(1242,25416,'Duitama','Duitama, Boyacá'),(1243,25417,'Nobsa','Nobsa, Boyacá'),(1244,25418,'Duitama','Duitama, Boyacá'),(1245,25419,'Duitama','Duitama, Boyacá'),(1246,25420,'Duitama','Duitama, Boyacá'),(1247,25421,'Duitama','Duitama, Boyacá'),(1248,25422,'Duitama','Duitama, Boyacá'),(1249,25423,'Duitama','Duitama, Boyacá'),(1250,25424,'Duitama','Duitama, Boyacá'),(1251,25425,'Duitama','Duitama, Boyacá'),(1252,25426,'Duitama','Duitama, Boyacá'),(1253,25427,'Duitama','Duitama, Boyacá'),(1254,25428,'Duitama','Duitama, Boyacá'),(1255,25429,'Ambato','Ambato'),(1256,25397,'Barranquilla','Barranquilla'),(1257,25410,'Chaparral','Chaparral, Tolima'),(1258,24964,'Caldas','Caldas, Antioquia'),(1259,1231,'León','León'),(1260,25436,'San Juan Bautista','San Juan Bautista'),(1261,25201,'Moyahua de Estrada','Moyahua de Estrada'),(1262,25455,'Quito','Quito'),(1263,25467,'Ambato','Ambato'),(1264,3698,'Tunja','Tunja'),(1265,3698,'Duitama','Duitama'),(1266,3698,'Sogamoso','Sogamoso'),(1267,3698,'Chiquinquirá','Chiquinquirá'),(1269,3698,'Aguazul','Aguazul'),(1270,3698,'Puerto Boyacá','Puerto Boyacá');
/*!40000 ALTER TABLE `plc_places` ENABLE KEYS */;
UNLOCK TABLES;
/*!40103 SET TIME_ZONE=@OLD_TIME_ZONE */;

/*!40101 SET SQL_MODE=@OLD_SQL_MODE */;
/*!40014 SET FOREIGN_KEY_CHECKS=@OLD_FOREIGN_KEY_CHECKS */;
/*!40014 SET UNIQUE_CHECKS=@OLD_UNIQUE_CHECKS */;
/*!40101 SET CHARACTER_SET_CLIENT=@OLD_CHARACTER_SET_CLIENT */;
/*!40101 SET CHARACTER_SET_RESULTS=@OLD_CHARACTER_SET_RESULTS */;
/*!40101 SET COLLATION_CONNECTION=@OLD_COLLATION_CONNECTION */;
/*!40111 SET SQL_NOTES=@OLD_SQL_NOTES */;

-- Dump completed on 2026-01-13 12:55:20
